insert into Certs (tid, certification) values ('9539032083', 'NSCA Certified Personal Trainer');
insert into Certs (tid, certification) values ('7962149884', 'ISSA Certified Fitness Trainer');
insert into Certs (tid, certification) values ('5674205841', 'NCCPT Certified Personal Trainer');
insert into Certs (tid, certification) values ('8391925889', 'NASM Certified Personal Trainer');
insert into Certs (tid, certification) values ('8364424165', 'ISSA Certified Fitness Trainer');
insert into Certs (tid, certification) values ('9050868649', 'ACSM Certified Personal Trainer');
insert into Certs (tid, certification) values ('0693313161', 'ISSA Certified Fitness Trainer');
insert into Certs (tid, certification) values ('8781853181', 'ACE Personal Trainer Certification');
insert into Certs (tid, certification) values ('8724320102', 'NSCA Certified Personal Trainer');
insert into Certs (tid, certification) values ('5480130242', 'ISSA Certified Fitness Trainer');
insert into Certs (tid, certification) values ('5375933152', 'ISSA Certified Fitness Trainer');
insert into Certs (tid, certification) values ('2020930889', 'AFPA Certified Personal Trainer');
insert into Certs (tid, certification) values ('6579218010', 'ACSM Certified Personal Trainer');
insert into Certs (tid, certification) values ('5008112171', 'ISSA Certified Fitness Trainer');
insert into Certs (tid, certification) values ('8990502233', 'NCCPT Certified Personal Trainer');
insert into Certs (tid, certification) values ('0094093474', 'NASM Certified Personal Trainer');
insert into Certs (tid, certification) values ('8892985760', 'NCSF Certified Personal Trainer');
insert into Certs (tid, certification) values ('6440280430', 'AFPA Certified Personal Trainer');
insert into Certs (tid, certification) values ('8046830984', 'ACSM Certified Personal Trainer');
insert into Certs (tid, certification) values ('7227363023', 'NSCA Certified Personal Trainer');
insert into Certs (tid, certification) values ('1709159677', 'AFPA Certified Personal Trainer');
insert into Certs (tid, certification) values ('5587631591', 'NCSF Certified Personal Trainer');
insert into Certs (tid, certification) values ('5640107472', 'NESTA Personal Fitness Trainer Certification');
insert into Certs (tid, certification) values ('9062916449', 'NESTA Personal Fitness Trainer Certification');
insert into Certs (tid, certification) values ('9510020133', 'NCSF Certified Personal Trainer');

insert into Class (cid, activity, name, startTime, endTime, roomNum, totalSeats, tid, mcid) values ('8670166224', 'zumba', 'Glow in the Dark Zumba', '7:05 PM', '9:25 PM', 900, 15, '5674205841', '5145561326');
insert into Class (cid, activity, name, startTime, endTime, roomNum, totalSeats, tid, mcid) values ('0906308461', 'kickboxing', 'Kickboxing', '3:56 PM', '8:12 PM', 26, 35, '7227363023', '7524251505');
insert into Class (cid, activity, name, startTime, endTime, roomNum, totalSeats, tid, mcid) values ('3178396926', 'yoga', 'Yoga with Goats', '3:24 PM', '3:18 PM', 560, 32, '2020930889', '2261923023');
insert into Class (cid, activity, name, startTime, endTime, roomNum, totalSeats, tid, mcid) values ('4456265876', 'yoga', 'Hot Yoga', '7:16 PM', '6:20 PM', 418, 23, '6440280430', '7469119930');
insert into Class (cid, activity, name, startTime, endTime, roomNum, totalSeats, tid, mcid) values ('0152824219', 'weights', 'Get Stronger', '3:36 PM', '12:25 PM', 84, 4, '5480130242', '4320831918');
insert into Class (cid, activity, name, startTime, endTime, roomNum, totalSeats, tid, mcid) values ('1205996192', 'weights', 'Get Stronger Arms', '5:13 PM', '7:29 PM', 742, 8, '6579218010', '0431120927');
insert into Class (cid, activity, name, startTime, endTime, roomNum, totalSeats, tid, mcid) values ('0943518253', 'body', 'Arm Sculpt', '5:03 PM', '6:55 PM', 732, 30, '8781853181', '6057354346');
insert into Class (cid, activity, name, startTime, endTime, roomNum, totalSeats, tid, mcid) values ('5344384874', 'body', 'Butt Sculpt', '6:04 PM', '11:29 AM', 332, 31, '9510020133', '9666566230');
insert into Class (cid, activity, name, startTime, endTime, roomNum, totalSeats, tid, mcid) values ('1183544146', 'zumba', 'Glow in the Dark Zumba', '4:26 PM', '10:37 AM', 699, 20, '9050868649', '6022806348');
insert into Class (cid, activity, name, startTime, endTime, roomNum, totalSeats, tid, mcid) values ('8560888780', 'kickboxing', 'Kickboxing', '12:34 PM', '4:42 PM', 41, 6, '7962149884', '3390328726');
insert into Class (cid, activity, name, startTime, endTime, roomNum, totalSeats, tid, mcid) values ('5285267862', 'yoga', 'Yoga with Goats', '11:08 AM', '9:30 AM', 325, 22, '5008112171', '2455186547');
insert into Class (cid, activity, name, startTime, endTime, roomNum, totalSeats, tid, mcid) values ('3233999992', 'yoga', 'Hot Yoga', '5:01 PM', '8:55 PM', 7, 29, '8364424165', '1176173138');
insert into Class (cid, activity, name, startTime, endTime, roomNum, totalSeats, tid, mcid) values ('3501506600', 'weights', 'Get Stronger', '9:44 AM', '12:11 PM', 96, 6, '8892985760', '9080020311');
insert into Class (cid, activity, name, startTime, endTime, roomNum, totalSeats, tid, mcid) values ('0228259290', 'weights', 'Get Stronger Arms', '1:41 PM', '10:55 AM', 517, 22, '0094093474', '8039940524');
insert into Class (cid, activity, name, startTime, endTime, roomNum, totalSeats, tid, mcid) values ('9472739822', 'body', 'Arm Sculpt', '7:50 PM', '10:15 AM', 268, 16, '8046830984', '1176173138');
insert into Class (cid, activity, name, startTime, endTime, roomNum, totalSeats, tid, mcid) values ('1254557687', 'body', 'Butt Sculpt', '11:28 AM', '2:53 PM', 132, 28, '5640107472', '9666566230');
insert into Class (cid, activity, name, startTime, endTime, roomNum, totalSeats, tid, mcid) values ('3521498409', 'zumba', 'Glow in the Dark Zumba', '4:01 PM', '10:51 AM', 179, 24, '1709159677', '3390328726');
insert into Class (cid, activity, name, startTime, endTime, roomNum, totalSeats, tid, mcid) values ('1301568635', 'kickboxing', 'Kickboxing', '6:51 PM', '6:35 PM', 139, 22, '5375933152', '8039940524');
insert into Class (cid, activity, name, startTime, endTime, roomNum, totalSeats, tid, mcid) values ('5870134110', 'yoga', 'Yoga with Goats', '12:26 PM', '11:27 AM', 373, 28, '9539032083', '2261923023');
insert into Class (cid, activity, name, startTime, endTime, roomNum, totalSeats, tid, mcid) values ('8959336009', 'yoga', 'Hot Yoga', '6:42 PM', '7:24 PM', 988, 15, '8990502233', '7524251505');
insert into Class (cid, activity, name, startTime, endTime, roomNum, totalSeats, tid, mcid) values ('9949701929', 'weights', 'Get Stronger', '11:48 AM', '5:54 PM', 50, 9, '0693313161', '2455186547');
insert into Class (cid, activity, name, startTime, endTime, roomNum, totalSeats, tid, mcid) values ('0692680608', 'weights', 'Get Stronger Arms', '11:56 AM', '5:53 PM', 531, 32, '8724320102', '9080020311');
insert into Class (cid, activity, name, startTime, endTime, roomNum, totalSeats, tid, mcid) values ('5981632291', 'body', 'Arm Sculpt', '6:10 PM', '7:55 PM', 849, 34, '5587631591', '6022806348');
insert into Class (cid, activity, name, startTime, endTime, roomNum, totalSeats, tid, mcid) values ('1772449873', 'body', 'Butt Sculpt', '9:58 AM', '11:21 AM', 186, 30, '8391925889', '0431120927');
insert into Class (cid, activity, name, startTime, endTime, roomNum, totalSeats, tid, mcid) values ('1050664884', 'zumba', 'Glow in the Dark Zumba', '1:43 PM', '2:07 PM', 407, 19, '9062916449', '6057354346');
insert into Class (cid, activity, name, startTime, endTime, roomNum, totalSeats, tid, mcid) values ('1178152928', 'kickboxing', 'Kickboxing', '5:57 PM', '2:24 PM', 724, 32, '5674205841', '5145561326');
insert into Class (cid, activity, name, startTime, endTime, roomNum, totalSeats, tid, mcid) values ('8036620855', 'yoga', 'Yoga with Goats', '9:45 AM', '2:49 PM', 886, 33, '1709159677', '4320831918');
insert into Class (cid, activity, name, startTime, endTime, roomNum, totalSeats, tid, mcid) values ('0143430580', 'yoga', 'Hot Yoga', '7:39 PM', '8:28 PM', 317, 33, '8990502233', '7469119930');
insert into Class (cid, activity, name, startTime, endTime, roomNum, totalSeats, tid, mcid) values ('9133732744', 'weights', 'Get Stronger', '10:59 AM', '7:19 PM', 26, 1, '8781853181', '8039940524');
insert into Class (cid, activity, name, startTime, endTime, roomNum, totalSeats, tid, mcid) values ('1233969226', 'weights', 'Get Stronger Arms', '4:16 PM', '7:03 PM', 433, 4, '8364424165', '2455186547');

insert into Class_Mem (mid, cid) values ('7090778509', null);
insert into Class_Mem (mid, cid) values ('5491277223', null);
insert into Class_Mem (mid, cid) values ('6528516677', null);
insert into Class_Mem (mid, cid) values ('0230481426', null);
insert into Class_Mem (mid, cid) values ('0271820926', null);
insert into Class_Mem (mid, cid) values ('0606286527', null);
insert into Class_Mem (mid, cid) values ('1701996065', null);
insert into Class_Mem (mid, cid) values ('7616548059', null);
insert into Class_Mem (mid, cid) values ('7451569144', null);
insert into Class_Mem (mid, cid) values ('8595929718', null);
insert into Class_Mem (mid, cid) values ('7091982975', null);
insert into Class_Mem (mid, cid) values ('7383995333', null);
insert into Class_Mem (mid, cid) values ('0531031802', null);
insert into Class_Mem (mid, cid) values ('6377939809', null);
insert into Class_Mem (mid, cid) values ('7640943779', null);
insert into Class_Mem (mid, cid) values ('6903518282', null);
insert into Class_Mem (mid, cid) values ('7655857601', null);
insert into Class_Mem (mid, cid) values ('6433821901', null);
insert into Class_Mem (mid, cid) values ('0607109092', null);
insert into Class_Mem (mid, cid) values ('6371256491', null);
insert into Class_Mem (mid, cid) values ('2981099302', null);
insert into Class_Mem (mid, cid) values ('4779708796', null);
insert into Class_Mem (mid, cid) values ('4326682809', null);
insert into Class_Mem (mid, cid) values ('0031021980', null);
insert into Class_Mem (mid, cid) values ('4489060637', null);
insert into Class_Mem (mid, cid) values ('7230198607', null);
insert into Class_Mem (mid, cid) values ('2734743221', null);
insert into Class_Mem (mid, cid) values ('1343414741', null);
insert into Class_Mem (mid, cid) values ('2821010524', null);
insert into Class_Mem (mid, cid) values ('5457914909', null);

insert into Discount (type, msid) values ('Black Friday', '3821967366');
insert into Discount (type, msid) values ('Senior Citizen', '3325333672');
insert into Discount (type, msid) values ('Senior Citizen', '6887383187');
insert into Discount (type, msid) values ('Senior Citizen', '6887383187');
insert into Discount (type, msid) values ('Family', '3325333672');
insert into Discount (type, msid) values ('Veteran', '3821967366');
insert into Discount (type, msid) values ('Veteran', '3325333672');
insert into Discount (type, msid) values ('Black Friday', '3821967366');
insert into Discount (type, msid) values ('Black Friday', '6887383187');
insert into Discount (type, msid) values ('Family', '3821967366');
insert into Discount (type, msid) values ('Student', '3325333672');
insert into Discount (type, msid) values ('Family', '6887383187');
insert into Discount (type, msid) values ('Black Friday', '3325333672');
insert into Discount (type, msid) values ('Student', '6887383187');
insert into Discount (type, msid) values ('Student', '3821967366');

insert into Equipment (eid, difficulty) values ('0055562639', 'easy');
insert into Equipment (eid, difficulty) values ('0867340282', 'easy');
insert into Equipment (eid, difficulty) values ('4629790209', 'easy');
insert into Equipment (eid, difficulty) values ('7401850311', 'medium');
insert into Equipment (eid, difficulty) values ('8492644699', 'easy');
insert into Equipment (eid, difficulty) values ('4103458224', 'difficult');
insert into Equipment (eid, difficulty) values ('1710174544', 'difficult');
insert into Equipment (eid, difficulty) values ('4135586767', 'medium');
insert into Equipment (eid, difficulty) values ('2342708602', 'difficult');
insert into Equipment (eid, difficulty) values ('8191760622', 'difficult');
insert into Equipment (eid, difficulty) values ('3077200074', 'difficult');
insert into Equipment (eid, difficulty) values ('4741205053', 'easy');
insert into Equipment (eid, difficulty) values ('0768156912', 'medium');
insert into Equipment (eid, difficulty) values ('1438778074', 'easy');
insert into Equipment (eid, difficulty) values ('3834471852', 'difficult');
insert into Equipment (eid, difficulty) values ('7802290279', 'medium');
insert into Equipment (eid, difficulty) values ('2979601888', 'difficult');
insert into Equipment (eid, difficulty) values ('0339012269', 'difficult');
insert into Equipment (eid, difficulty) values ('5850254854', 'easy');
insert into Equipment (eid, difficulty) values ('4794827466', 'easy');
insert into Equipment (eid, difficulty) values ('8177422987', 'easy');
insert into Equipment (eid, difficulty) values ('9129144426', 'difficult');
insert into Equipment (eid, difficulty) values ('6129439679', 'easy');
insert into Equipment (eid, difficulty) values ('6662905550', 'difficult');
insert into Equipment (eid, difficulty) values ('0113038925', 'difficult');
insert into Equipment (eid, difficulty) values ('8444822094', 'difficult');
insert into Equipment (eid, difficulty) values ('7143594741', 'medium');
insert into Equipment (eid, difficulty) values ('3722305527', 'easy');
insert into Equipment (eid, difficulty) values ('6832955316', 'difficult');
insert into Equipment (eid, difficulty) values ('9128195647', 'easy');

insert into Gym (gid, name, openTime, closeTime, street, city, state, zip) values ('9732408448', 'Fitbase- NY', '4:36 AM', '8:19 PM', '3502 8th Parkway', 'Manhattan', 'NY', 31234);
insert into Gym (gid, name, openTime, closeTime, street, city, state, zip) values ('4422393804', 'Fitbase- BOS', '5:34 AM', '7:44 PM', '63980 Little Fleur Court', 'Boston', 'MA', 76100);
insert into Gym (gid, name, openTime, closeTime, street, city, state, zip) values ('0314576088', 'Fitbase- ATL', '5:00 AM', '7:55 PM', '0104 Veith Hill', 'Georgia', 'GA', 78275);
insert into Gym (gid, name, openTime, closeTime, street, city, state, zip) values ('5466921513', 'Fitbase- PITT', '5:47 AM', '9:21 PM', '5 Oriole Junction', 'Pennsylvania', 'PA', 23974);
insert into Gym (gid, name, openTime, closeTime, street, city, state, zip) values ('5383493484', 'Fitbase- LA', '4:45 AM', '11:28 PM', '1 Debra Place', 'California', 'CA', 97234);
insert into Gym (gid, name, openTime, closeTime, street, city, state, zip) values ('6543687592', 'Fitbase- DAL', '5:44 AM', '10:33 PM', '5 Erie Court', 'Texas', 'TX', 54313);
insert into Gym (gid, name, openTime, closeTime, street, city, state, zip) values ('8057353155', 'Fitbase- MIA', '4:28 AM', '7:51 PM', '88 Basil Road', 'Florida', 'FL', 97234);