insert into Certs (tid, certification) values (9539032083, 'NSCA Certified Personal Trainer');
insert into Certs (tid, certification) values (7962149884, 'ISSA Certified Fitness Trainer');
insert into Certs (tid, certification) values (5674205841, 'NCCPT Certified Personal Trainer');
insert into Certs (tid, certification) values (8391925889, 'NASM Certified Personal Trainer');
insert into Certs (tid, certification) values (8364424165, 'ISSA Certified Fitness Trainer');
insert into Certs (tid, certification) values (9050868649 'ACSM Certified Personal Trainer');
insert into Certs (tid, certification) values (0693313161, 'ISSA Certified Fitness Trainer');
insert into Certs (tid, certification) values (8781853181, 'ACE Personal Trainer Certification');
insert into Certs (tid, certification) values (8724320102, 'NSCA Certified Personal Trainer');
insert into Certs (tid, certification) values (5480130242, 'ISSA Certified Fitness Trainer');
insert into Certs (tid, certification) values (5375933152, 'ISSA Certified Fitness Trainer');
insert into Certs (tid, certification) values (2020930889, 'AFPA Certified Personal Trainer');
insert into Certs (tid, certification) values (6579218010, 'ACSM Certified Personal Trainer');
insert into Certs (tid, certification) values (5008112171, 'ISSA Certified Fitness Trainer');
insert into Certs (tid, certification) values (8990502233, 'NCCPT Certified Personal Trainer');
insert into Certs (tid, certification) values (0094093474, 'NASM Certified Personal Trainer');
insert into Certs (tid, certification) values (8892985760, 'NCSF Certified Personal Trainer');
insert into Certs (tid, certification) values (6440280430, 'AFPA Certified Personal Trainer');
insert into Certs (tid, certification) values (8046830984, 'ACSM Certified Personal Trainer');
insert into Certs (tid, certification) values (7227363023, 'NSCA Certified Personal Trainer');
insert into Certs (tid, certification) values (1709159677, 'AFPA Certified Personal Trainer');
insert into Certs (tid, certification) values (5587631591, 'NCSF Certified Personal Trainer');
insert into Certs (tid, certification) values (5640107472, 'NESTA Personal Fitness Trainer Certification');
insert into Certs (tid, certification) values (9062916449, 'NESTA Personal Fitness Trainer Certification');
insert into Certs (tid, certification) values (9510020133, 'NCSF Certified Personal Trainer');

insert into Class (cid, activity, name, startTime, endTime, roomNum, totalSeats, tid, mcid) values (8670166224, 'zumba', 'Glow in the Dark Zumba', '7:05 PM', '9:25 PM', 900, 15, 5674205841, 5145561326);
insert into Class (cid, activity, name, startTime, endTime, roomNum, totalSeats, tid, mcid) values (0906308461, 'kickboxing', 'Kickboxing', '3:56 PM', '8:12 PM', 26, 35, 7227363023, 7524251505);
insert into Class (cid, activity, name, startTime, endTime, roomNum, totalSeats, tid, mcid) values (3178396926, 'yoga', 'Yoga with Goats', '3:24 PM', '3:18 PM', 560, 32, 2020930889, 2261923023);
insert into Class (cid, activity, name, startTime, endTime, roomNum, totalSeats, tid, mcid) values (4456265876, 'yoga', 'Hot Yoga', '7:16 PM', '6:20 PM', 418, 23, 6440280430, 7469119930);
insert into Class (cid, activity, name, startTime, endTime, roomNum, totalSeats, tid, mcid) values (0152824219, 'weights', 'Get Stronger', '3:36 PM', '12:25 PM', 84, 4, 5480130242, 4320831918);
insert into Class (cid, activity, name, startTime, endTime, roomNum, totalSeats, tid, mcid) values (1205996192, 'weights', 'Get Stronger Arms', '5:13 PM', '7:29 PM', 742, 8, 6579218010, 0431120927);
insert into Class (cid, activity, name, startTime, endTime, roomNum, totalSeats, tid, mcid) values (0943518253, 'body', 'Arm Sculpt', '5:03 PM', '6:55 PM', 732, 30, 8781853181, 6057354346);
insert into Class (cid, activity, name, startTime, endTime, roomNum, totalSeats, tid, mcid) values (5344384874, 'body', 'Butt Sculpt', '6:04 PM', '11:29 AM', 332, 31, 9510020133, 9666566230);
insert into Class (cid, activity, name, startTime, endTime, roomNum, totalSeats, tid, mcid) values (1183544146, 'zumba', 'Glow in the Dark Zumba', '4:26 PM', '10:37 AM', 699, 20, 9050868649, 6022806348);
insert into Class (cid, activity, name, startTime, endTime, roomNum, totalSeats, tid, mcid) values (8560888780, 'kickboxing', 'Kickboxing', '12:34 PM', '4:42 PM', 41, 6, 7962149884, 3390328726);
insert into Class (cid, activity, name, startTime, endTime, roomNum, totalSeats, tid, mcid) values (5285267862, 'yoga', 'Yoga with Goats', '11:08 AM', '9:30 AM', 325, 22, 5008112171, 2455186547);
insert into Class (cid, activity, name, startTime, endTime, roomNum, totalSeats, tid, mcid) values (3233999992, 'yoga', 'Hot Yoga', '5:01 PM', '8:55 PM', 7, 29, 8364424165, 1176173138);
insert into Class (cid, activity, name, startTime, endTime, roomNum, totalSeats, tid, mcid) values (3501506600, 'weights', 'Get Stronger', '9:44 AM', '12:11 PM', 96, 6, 8892985760, 9080020311);
insert into Class (cid, activity, name, startTime, endTime, roomNum, totalSeats, tid, mcid) values (0228259290, 'weights', 'Get Stronger Arms', '1:41 PM', '10:55 AM', 517, 22, 0094093474, 8039940524);
insert into Class (cid, activity, name, startTime, endTime, roomNum, totalSeats, tid, mcid) values (9472739822, 'body', 'Arm Sculpt', '7:50 PM', '10:15 AM', 268, 16, 8046830984, 1176173138);
insert into Class (cid, activity, name, startTime, endTime, roomNum, totalSeats, tid, mcid) values (1254557687, 'body', 'Butt Sculpt', '11:28 AM', '2:53 PM', 132, 28, 5640107472, 9666566230);
insert into Class (cid, activity, name, startTime, endTime, roomNum, totalSeats, tid, mcid) values (3521498409, 'zumba', 'Glow in the Dark Zumba', '4:01 PM', '10:51 AM', 179, 24, 1709159677, 3390328726);
insert into Class (cid, activity, name, startTime, endTime, roomNum, totalSeats, tid, mcid) values (1301568635, 'kickboxing', 'Kickboxing', '6:51 PM', '6:35 PM', 139, 22, 5375933152, 8039940524);
insert into Class (cid, activity, name, startTime, endTime, roomNum, totalSeats, tid, mcid) values (5870134110, 'yoga', 'Yoga with Goats', '12:26 PM', '11:27 AM', 373, 28, 9539032083, 2261923023);
insert into Class (cid, activity, name, startTime, endTime, roomNum, totalSeats, tid, mcid) values (8959336009, 'yoga', 'Hot Yoga', '6:42 PM', '7:24 PM', 988, 15, 8990502233, 7524251505);
insert into Class (cid, activity, name, startTime, endTime, roomNum, totalSeats, tid, mcid) values (9949701929, 'weights', 'Get Stronger', '11:48 AM', '5:54 PM', 50, 9, 0693313161, 2455186547);
insert into Class (cid, activity, name, startTime, endTime, roomNum, totalSeats, tid, mcid) values (0692680608, 'weights', 'Get Stronger Arms', '11:56 AM', '5:53 PM', 531, 32, 8724320102, 9080020311);
insert into Class (cid, activity, name, startTime, endTime, roomNum, totalSeats, tid, mcid) values (5981632291, 'body', 'Arm Sculpt', '6:10 PM', '7:55 PM', 849, 34, 5587631591, 6022806348);
insert into Class (cid, activity, name, startTime, endTime, roomNum, totalSeats, tid, mcid) values (1772449873, 'body', 'Butt Sculpt', '9:58 AM', '11:21 AM', 186, 30, 8391925889, 0431120927);
insert into Class (cid, activity, name, startTime, endTime, roomNum, totalSeats, tid, mcid) values (1050664884, 'zumba', 'Glow in the Dark Zumba', '1:43 PM', '2:07 PM', 407, 19, 9062916449, 6057354346);
insert into Class (cid, activity, name, startTime, endTime, roomNum, totalSeats, tid, mcid) values (1178152928, 'kickboxing', 'Kickboxing', '5:57 PM', '2:24 PM', 724, 32, 5674205841, 5145561326);
insert into Class (cid, activity, name, startTime, endTime, roomNum, totalSeats, tid, mcid) values (8036620855, 'yoga', 'Yoga with Goats', '9:45 AM', '2:49 PM', 886, 33, 1709159677, 4320831918);
insert into Class (cid, activity, name, startTime, endTime, roomNum, totalSeats, tid, mcid) values (0143430580, 'yoga', 'Hot Yoga', '7:39 PM', '8:28 PM', 317, 33, 8990502233, 7469119930);
insert into Class (cid, activity, name, startTime, endTime, roomNum, totalSeats, tid, mcid) values (9133732744, 'weights', 'Get Stronger', '10:59 AM', '7:19 PM', 26, 1, 8781853181, 8039940524);
insert into Class (cid, activity, name, startTime, endTime, roomNum, totalSeats, tid, mcid) values (1233969226, 'weights', 'Get Stronger Arms', '4:16 PM', '7:03 PM', 433, 4, 8364424165, 2455186547);

insert into Discount (type, msid) values ('Black Friday', 3821967366);
insert into Discount (type, msid) values ('Senior Citizen', 3325333672);
insert into Discount (type, msid) values ('Senior Citizen', 6887383187);
insert into Discount (type, msid) values ('Senior Citizen',6887383187);
insert into Discount (type, msid) values ('Family', 3325333672);
insert into Discount (type, msid) values ('Veteran', 3821967366);
insert into Discount (type, msid) values ('Veteran', 3325333672);
insert into Discount (type, msid) values ('Black Friday', 3821967366);
insert into Discount (type, msid) values ('Black Friday', 6887383187);
insert into Discount (type, msid) values ('Family', 3821967366);
insert into Discount (type, msid) values ('Student', 3325333672);
insert into Discount (type, msid) values ('Family', 6887383187);
insert into Discount (type, msid) values ('Black Friday', 3325333672);
insert into Discount (type, msid) values ('Student', 6887383187);
insert into Discount (type, msid) values ('Student', 3821967366);

insert into Equipment (eid, difficulty) values (0055562639, 'easy');
insert into Equipment (eid, difficulty) values (0867340282, 'easy');
insert into Equipment (eid, difficulty) values (4629790209, 'easy');
insert into Equipment (eid, difficulty) values (7401850311, 'medium');
insert into Equipment (eid, difficulty) values (8492644699, 'easy');
insert into Equipment (eid, difficulty) values (4103458224, 'difficult');
insert into Equipment (eid, difficulty) values (1710174544, 'difficult');
insert into Equipment (eid, difficulty) values (4135586767, 'medium');
insert into Equipment (eid, difficulty) values (2342708602, 'difficult');
insert into Equipment (eid, difficulty) values (8191760622, 'difficult');
insert into Equipment (eid, difficulty) values (3077200074, 'difficult');
insert into Equipment (eid, difficulty) values (4741205053, 'easy');
insert into Equipment (eid, difficulty) values (0768156912, 'medium');
insert into Equipment (eid, difficulty) values (1438778074, 'easy');
insert into Equipment (eid, difficulty) values (3834471852, 'difficult');
insert into Equipment (eid, difficulty) values (7802290279, 'medium');
insert into Equipment (eid, difficulty) values (2979601888, 'difficult');
insert into Equipment (eid, difficulty) values (0339012269, 'difficult');
insert into Equipment (eid, difficulty) values (5850254854, 'easy');
insert into Equipment (eid, difficulty) values (4794827466, 'easy');
insert into Equipment (eid, difficulty) values (8177422987, 'easy');
insert into Equipment (eid, difficulty) values (9129144426, 'difficult');
insert into Equipment (eid, difficulty) values (6129439679, 'easy');
insert into Equipment (eid, difficulty) values (6662905550, 'difficult');
insert into Equipment (eid, difficulty) values (0113038925, 'difficult');
insert into Equipment (eid, difficulty) values (8444822094, 'difficult');
insert into Equipment (eid, difficulty) values (7143594741, 'medium');
insert into Equipment (eid, difficulty) values (3722305527, 'easy');
insert into Equipment (eid, difficulty) values (6832955316, 'difficult');
insert into Equipment (eid, difficulty) values (9128195647, 'easy');

insert into Gym (gid, name, openTime, closeTime, street, city, state, zip) values (9732408448, 'Fitbase- NY', '4:36 AM', '8:19 PM', '3502 8th Parkway', 'Manhattan', 'NY', 31234);
insert into Gym (gid, name, openTime, closeTime, street, city, state, zip) values (4422393804, 'Fitbase- BOS', '5:34 AM', '7:44 PM', '63980 Little Fleur Court', 'Boston', 'MA', 76100);
insert into Gym (gid, name, openTime, closeTime, street, city, state, zip) values (0314576088, 'Fitbase- ATL', '5:00 AM', '7:55 PM', '0104 Veith Hill', 'Georgia', 'GA', 78275);
insert into Gym (gid, name, openTime, closeTime, street, city, state, zip) values (5466921513, 'Fitbase- PITT', '5:47 AM', '9:21 PM', '5 Oriole Junction', 'Pennsylvania', 'PA', 23974);
insert into Gym (gid, name, openTime, closeTime, street, city, state, zip) values (5383493484, 'Fitbase- LA', '4:45 AM', '11:28 PM', '1 Debra Place', 'California', 'CA', 97234);
insert into Gym (gid, name, openTime, closeTime, street, city, state, zip) values (6543687592, 'Fitbase- DAL', '5:44 AM', '10:33 PM', '5 Erie Court', 'Texas', 'TX', 54313);
insert into Gym (gid, name, openTime, closeTime, street, city, state, zip) values (8057353155, 'Fitbase- MIA', '4:28 AM', '7:51 PM', '88 Basil Road', 'Florida', 'FL', 97234);

insert into Interests (mid, interest) values ('4489060637', 'Strength Training');
insert into Interests (mid, interest) values ('7091982975', 'Kickboxing');
insert into Interests (mid, interest) values ('0531031802', 'Hot Yoga');
insert into Interests (mid, interest) values ('5491277223', 'Kickboxing');
insert into Interests (mid, interest) values ('7640943779', 'Zumba');
insert into Interests (mid, interest) values ('8595929718', 'Zumba');
insert into Interests (mid, interest) values ('1701996065', 'Kickboxing');
insert into Interests (mid, interest) values ('7383995333', 'Zumba');
insert into Interests (mid, interest) values ('5457914909', 'Dance');
insert into Interests (mid, interest) values ('7090778509', 'Hot Yoga');
insert into Interests (mid, interest) values ('7451569144', 'Dance');
insert into Interests (mid, interest) values ('6377939809', 'Hot Yoga');
insert into Interests (mid, interest) values ('0031021980', 'Yoga');
insert into Interests (mid, interest) values ('2821010524', 'Hot Yoga');
insert into Interests (mid, interest) values ('1343414741', 'Yoga');

insert into Manager (first_name, last_name, email, phoneNum, mnid) values ('Ignaz', 'Maharg', 'imaharg0@youtube.com', '2137049180', '7601126234');
insert into Manager (first_name, last_name, email, phoneNum, mnid) values ('Kally', 'Lace', 'klace1@ibm.com', '2054472447', '4064575385');
insert into Manager (first_name, last_name, email, phoneNum, mnid) values ('Bonita', 'Capstake', 'bcapstake2@51.la', '2365737078', '5968357851');
insert into Manager (first_name, last_name, email, phoneNum, mnid) values ('Had', 'Carpe', 'hcarpe3@seattletimes.com', '7437405452', '6177844820');
insert into Manager (first_name, last_name, email, phoneNum, mnid) values ('Alair', 'Kennagh', 'akennagh4@tinypic.com', '9515531213', '8617908165');
insert into Manager (first_name, last_name, email, phoneNum, mnid) values ('Francene', 'Gawler', 'fgawler5@ucsd.edu', '5984099527', '6914458405');
insert into Manager (first_name, last_name, email, phoneNum, mnid) values ('Ulrica', 'Manoch', 'umanoch6@xinhuanet.com', '9485452538', '2709345676');
insert into Manager (first_name, last_name, email, phoneNum, mnid) values ('Susanne', 'Espie', 'sespie7@free.fr', '5492272010', '9647290039');
insert into Manager (first_name, last_name, email, phoneNum, mnid) values ('Gillian', 'Scain', 'gscain8@msu.edu', '2216448614', '1840631848');
insert into Manager (first_name, last_name, email, phoneNum, mnid) values ('Marty', 'Jagiello', 'mjagiello9@tripod.com', '1003941180', '6483725434');
insert into Manager (first_name, last_name, email, phoneNum, mnid) values ('Coretta', 'Morl', 'cmorla@virginia.edu', '1065198492', '2460488645');
insert into Manager (first_name, last_name, email, phoneNum, mnid) values ('Edie', 'Shapero', 'eshaperob@amazon.com', '5335926717', '5311605111');


insert into MarketingConsultant (mcid, first_name, last_name) values ('9519121781', 'Alasteir', 'Grieves');
insert into MarketingConsultant (mcid, first_name, last_name) values ('3427181308', 'Aylmar', 'Piner');
insert into MarketingConsultant (mcid, first_name, last_name) values ('1973611147', 'Ambur', 'Escalante');
insert into MarketingConsultant (mcid, first_name, last_name) values ('0151995192', 'Xever', 'Mendus');
insert into MarketingConsultant (mcid, first_name, last_name) values ('1898569231', 'Amitie', 'Thacke');
insert into MarketingConsultant (mcid, first_name, last_name) values ('1180234162', 'Gillian', 'Fattorini');
insert into MarketingConsultant (mcid, first_name, last_name) values ('8033039078', 'Robinia', 'Baverstock');
insert into MarketingConsultant (mcid, first_name, last_name) values ('2992727938', 'Flint', 'Arthur');
insert into MarketingConsultant (mcid, first_name, last_name) values ('2784141004', 'Luci', 'Chapellow');
insert into MarketingConsultant (mcid, first_name, last_name) values ('1348438010', 'Zebulon', 'De Bruijn');
insert into MarketingConsultant (mcid, first_name, last_name) values ('5049209633', 'Carolynn', 'Buckel');
insert into MarketingConsultant (mcid, first_name, last_name) values ('6977729228', 'Devi', 'Owbrick');
insert into MarketingConsultant (mcid, first_name, last_name) values ('8707299419', 'Georgia', 'Whyler');
insert into MarketingConsultant (mcid, first_name, last_name) values ('3460640170', 'Terrye', 'Pickworth');


insert into Product (pid, price, name, type) values ('9587393228', 22.99, 'Top', 'Apparel');
insert into Product (pid, price, name, type) values ('6874239619', 17.25, 'Short', 'Apparel');
insert into Product (pid, price, name, type) values ('5472931673', 54.99, 'Pant', 'Apparel');
insert into Product (pid, price, name, type) values ('1030575630', 75.99, 'Sneaker', 'Shoe');
insert into Product (pid, price, name, type) values ('3117630945', 14.98, 'Water bottle', 'Accessory');
insert into Product (pid, price, name, type) values ('6304673809', 25, 'Protein powder', 'Supplement');
insert into Product (pid, price, name, type) values ('4292894043', 14.66, 'Vitamin', 'Supplement');
insert into Product (pid, price, name, type) values ('7046115265', 35.55, 'Gym bag', 'Accessory');
insert into Product (pid, price, name, type) values ('0893033723', 69.99, 'Headphone', 'Tech');
insert into Product (pid, price, name, type) values ('9643848876', 129.99, 'Fitness tracker', 'Tech');
insert into Product (pid, price, name, type) values ('5414280665', 3.5, 'Nutrition bar', 'Snack');
insert into Product (pid, price, name, type) values ('7977504030', 4.5, 'Protein bar', 'Snack');
insert into Product (pid, price, name, type) values ('2000961568', 22.3, 'Compression sleeve', 'Accessory');
insert into Product (pid, price, name, type) values ('8277553315', 3.75, 'Fitness magazine', 'Book');
insert into Product (pid, price, name, type) values ('2519373520', 11.75, 'Yoga mat', 'Accessory');
insert into Product (pid, price, name, type) values ('8195166822', 8.99, 'Sunscreen', 'Sunscreen');
insert into Product (pid, price, name, type) values ('9983115298', 30.75, 'Sport bra', 'Apparel');
insert into Product (pid, price, name, type) values ('7675001389', 3, 'Energy drink', 'Drink');
insert into Product (pid, price, name, type) values ('4656769827', 6.99, 'Socks', 'Accessory');
insert into Product (pid, price, name, type) values ('9718572767', 21.88, 'Sunglasses', 'Accessory');
insert into Product (pid, price, name, type) values ('9582383402', 31.99, 'Massage gun', 'Tech');
insert into Product (pid, price, name, type) values ('7487632172', 27.89, 'Weight scale', 'Tech');
insert into Product (pid, price, name, type) values ('5604223301', 30, 'Gift card', 'Gift');
insert into Product (pid, price, name, type) values ('8901391279', 11.99, 'Headband', 'Headware');
insert into Product (pid, price, name, type) values ('9542370261', 19.99, 'Beanie', 'Headware');
insert into Product (pid, price, name, type) values ('7269973237', 54.99, 'Fitbase sweatshirt', 'Company Apparel');
insert into Product (pid, price, name, type) values ('6450757531', 24.99, 'Fitbase shirt', 'Company Apparel');
insert into Product (pid, price, name, type) values ('0729057437', 28.99, 'Fitbase shorts', 'Company Apparel');
insert into Product (pid, price, name, type) values ('9086305717', 13.45, 'Goggles', 'Accessory');
insert into Product (pid, price, name, type) values ('2093791366', 17.89, 'Armband', 'Accessory');

insert into Specialties (tid, specialty) values ('7962149884', 'dance');
insert into Specialties (tid, specialty) values ('7227363023', 'strength');
insert into Specialties (tid, specialty) values ('5008112171', 'legs');
insert into Specialties (tid, specialty) values ('9062916449', 'arms');
insert into Specialties (tid, specialty) values ('9050868649', 'arms');
insert into Specialties (tid, specialty) values ('8724320102', 'cardio');
insert into Specialties (tid, specialty) values ('5375933152', 'dance');
insert into Specialties (tid, specialty) values ('1709159677', 'dance');
insert into Specialties (tid, specialty) values ('5674205841', 'arms');
insert into Specialties (tid, specialty) values ('8781853181', 'pilates');
insert into Specialties (tid, specialty) values ('5480130242', 'dance');
insert into Specialties (tid, specialty) values ('8046830984', 'strength');
insert into Specialties (tid, specialty) values ('2020930889', 'kickboxing');
insert into Specialties (tid, specialty) values ('8892985760', 'strength');
insert into Specialties (tid, specialty) values ('8391925889', 'dance');
insert into Specialties (tid, specialty) values ('6440280430', 'abs');
insert into Specialties (tid, specialty) values ('9510020133', 'pilates');
insert into Specialties (tid, specialty) values ('0094093474', 'strength');
insert into Specialties (tid, specialty) values ('0693313161', 'endurance');
insert into Specialties (tid, specialty) values ('5587631591', 'arms');
insert into Specialties (tid, specialty) values ('8990502233', 'pilates');
insert into Specialties (tid, specialty) values ('8364424165', 'pilates');
insert into Specialties (tid, specialty) values ('9539032083', 'strength');
insert into Specialties (tid, specialty) values ('5640107472', 'endurance');
insert into Specialties (tid, specialty) values ('6579218010', 'cardio');

